{
    "loss": 1.5930927991867065,
    "accuracy": 0.769784152507782
}