{
    "loss": 28.168981552124023,
    "accuracy": 0.5179855823516846
}