{
<<<<<<< HEAD
    "loss": 1.5930927991867065,
    "accuracy": 0.769784152507782
=======
    "loss": 27.97852897644043,
    "accuracy": 0.5179855823516846
>>>>>>> parent of b14f167 (dvc added)
}