{
    "loss": 27.97852897644043,
    "accuracy": 0.5179855823516846
}