{
    "loss": 10.215320587158203,
    "accuracy": 0.5035971403121948
}